{
    "colsample_bytree": 0.7213820481283422,
    "learning_rate": 0.007280865807930681,
    "max_bin": 239,
    "max_depth": 20,
    "min_child_samples": 8,
    "min_child_weight": 0.0001488298752052747,
    "min_split_gain": 0.0002848091111747484,
    "n_estimators": 1146,
    "num_leaves": 185,
    "reg_alpha": 0.00030435061525770676,
    "reg_lambda": 0.001313501485409303,
    "subsample": 0.7237016802220007,
    "subsample_freq": 0
}
