{
    "bagging_fraction": 0.6420839442154768,
    "bagging_freq": 0,
    "colsample_bytree": 0.5504185853837019,
    "feature_fraction": 0.730914200769101,
    "learning_rate": 0.007771801971519009,
    "max_bin": 200,
    "max_depth": 20,
    "min_child_samples": 17,
    "min_child_weight": 0.018232305782289973,
    "min_split_gain": 0.0002383933386402929,
    "n_estimators": 910,
    "num_leaves": 121,
    "reg_alpha": 1.5966400268575852e-5,
    "reg_lambda": 0.01988562811267569,
    "subsample": 0.7521196708372428,
    "subsample_freq": 2
}
