{
    "colsample_bytree": 0.7576269491618913,
    "learning_rate": 0.008232895475818071,
    "max_bin": 249,
    "max_depth": 22,
    "min_child_samples": 7,
    "min_child_weight": 0.002177061185533612,
    "min_split_gain": 0.002763910085184147,
    "n_estimators": 1160,
    "num_leaves": 125,
    "reg_alpha": 0.0006131162359824624,
    "reg_lambda": 0.0190380074007364,
    "subsample": 0.658082715228101,
    "subsample_freq": 0
}
