{
    "colsample_bytree": 0.7585498809188949,
    "learning_rate": 0.009606129396923195,
    "max_bin": 230,
    "max_depth": 21,
    "min_child_samples": 13,
    "min_child_weight": 0.0026911395215330936,
    "min_split_gain": 0.0018798689095965823,
    "n_estimators": 1070,
    "num_leaves": 136,
    "reg_alpha": 0.0003824919446463502,
    "reg_lambda": 0.014487601490459504,
    "subsample": 0.7031267611934898,
    "subsample_freq": 0
}
