{"colsample_bylevel": 0.6000000000000001, "colsample_bynode": 0.9500000000000001, "colsample_bytree": 0.75, "gamma": 0.35000000000000003, "grow_policy": "lossguide", "learning_rate": 0.01618982773459049, "max_depth": 11, "min_child_weight": 5, "n_estimators": 965, "reg_alpha": 1.2672811487534594, "reg_lambda": 0.010977198909105703, "scale_pos_weight": 1.1522306100499928, "subsample": 0.9500000000000001, "objective": "binary:logistic", "eval_metric": "error"}